{"cameraMode":{"drawMode":0,"name":"Shaded","section":"Shading Mode"},"sceneLighting":false,"audioPlay":false,"sceneViewState":{"m_AlwaysRefresh":false,"showFog":true,"showSkybox":false,"showFlares":true,"showImageEffects":true,"showParticleSystems":true,"showVisualEffectGraphs":true,"m_FxEnabled":true},"in2DMode":false,"pivot":{"x":1.3530088663101197,"y":1.347754955291748,"z":0.6949334144592285},"rotation":{"x":0.054690659046173099,"y":0.6360112428665161,"z":-0.044863905757665637,"w":0.7682055830955505},"size":1.2315038442611695,"orthographic":false}