{"cameraMode":{"drawMode":0,"name":"Shaded","section":"Shading Mode"},"sceneLighting":false,"audioPlay":false,"sceneViewState":{"m_AlwaysRefresh":false,"showFog":true,"showSkybox":false,"showFlares":true,"showImageEffects":true,"showParticleSystems":true,"showVisualEffectGraphs":true,"m_FxEnabled":true},"in2DMode":false,"pivot":{"x":0.7256557941436768,"y":1.627285122871399,"z":1.9530465602874756},"rotation":{"x":0.012831135652959347,"y":0.38978832960128786,"z":-0.00510382978245616,"w":0.9206128716468811},"size":1.2315038442611695,"orthographic":false}