{"cameraMode":{"drawMode":0,"name":"Shaded","section":"Shading Mode"},"sceneLighting":true,"audioPlay":false,"sceneViewState":{"m_AlwaysRefresh":false,"showFog":true,"showSkybox":false,"showFlares":true,"showImageEffects":true,"showParticleSystems":true,"showVisualEffectGraphs":true,"m_FxEnabled":true},"in2DMode":false,"pivot":{"x":-12.439581871032715,"y":39.643218994140628,"z":28.730485916137697},"rotation":{"x":-0.041449517011642459,"y":-0.9401025176048279,"z":0.31510284543037417,"w":-0.1239786446094513},"size":0.6930338740348816,"orthographic":false}